{"cameraMode":{"drawMode":0,"name":"Shaded","section":"Shading Mode"},"sceneLighting":true,"audioPlay":false,"sceneViewState":{"showFog":true,"showMaterialUpdate":false,"showSkybox":true,"showFlares":true,"showImageEffects":true,"showParticleSystems":true,"showVisualEffectGraphs":true,"m_FxEnabled":true},"in2DMode":false,"pivot":{"x":-0.028200149536132814,"y":6.417105197906494,"z":-5.479625701904297},"rotation":{"x":-0.05290273576974869,"y":0.3291963040828705,"z":0.01856415346264839,"w":0.9426640272140503},"size":21.276538848876954,"orthographic":false}